parameter	value
reference_assembly	GCF_029168945.1
assembly_name	ASM2916894v1
developmental_libraries	24
developmental_stages	4
libraries_per_stage	6
STAR_version	2.7.11b
STAR_outFilterMultimapNmax	20
featureCounts_version	2.0.6
SAMtools_version	1.22.1
Bowtie2_version	2.5.4
low_off_max_stage_mean_CPM	0.25
developmentally_increased_log2FC_threshold	1
suppressed_log2FC_threshold	-1
relative_state_silent_pct	<5
relative_state_weak_pct	5-<25
relative_state_partial_pct	25-<60
relative_state_strong_pct	60-85
relative_state_peak_pct	>85
TPS_cluster_max_gap_bp	250000
