label	GeneID	Stage1_CPM	Stage2_CPM	Stage3_CPM	Stage4_CPM	Stage1_rel_pct	Stage2_rel_pct	Stage3_rel_pct	Stage4_rel_pct	Stage1_state	Stage2_state	Stage3_state	Stage4_state	max_CPM	low_off	peak_stage	S4_vs_S1_log2FC
CBCAS_array_OX04-OX09		43.322	71.898	62.322	88.104	49.172	81.606	70.737	100.000	Partial	Strong	Strong	Peak	88.104	False	4	1.022
OX12-OX15_array		3.563	8.218	5.604	9.495	37.527	86.550	59.024	100.000	Partial	Peak	Partial	Peak	9.495	False	4	1.389
CBDAS_OX16		104.126	159.570	100.487	122.816	65.254	100.000	62.974	76.967	Strong	Peak	Strong	Strong	159.570	False	2	0.238
GPPS_LSU	115714435	31.009	52.715	52.641	64.809	47.847	81.339	81.225	100.000	Partial	Strong	Strong	Peak	64.809	False	4	1.061
GPPS_SSU1	115717558	48.379	61.389	53.775	90.109	53.690	68.128	59.678	100.000	Partial	Strong	Partial	Peak	90.109	False	4	0.896
GPPS_constitutive_SSU	115700182	50.808	43.718	42.513	40.964	100.000	86.046	83.674	80.626	Peak	Peak	Strong	Strong	50.808	False	1	-0.310
GPPS_SSU2	115721984	0.108	0.092	0.032	0.018	100.000	85.205	29.383	17.019	Peak	Peak	Partial	Weak	0.108	True	1	-0.814
OLS_LOC115699293	115699293	77.803	121.748	130.378	172.915	44.995	70.409	75.400	100.000	Partial	Strong	Strong	Peak	172.915	False	4	1.151
OLS_LOC115700696	115700696	6.544	9.912	11.356	14.237	45.966	69.620	79.762	100.000	Partial	Strong	Strong	Peak	14.237	False	4	1.110
